id,author
0,Bulychev
1,Dostoevsky
2,Bulychev
3,Bulychev
4,Pratchett
5,Bulychev
6,Bulychev
7,Akunin
8,Bulychev
9,Bulychev
10,Bulychev
11,Bulychev
12,Akunin
13,Chehov
14,Bulychev
15,Akunin
16,Bulychev
17,Bulychev
18,Bulychev
19,Bulychev
20,Akunin
21,Bulychev
22,Bulychev
23,Bulychev
24,Bulychev
25,Bulychev
26,Pratchett
27,King
28,Bulychev
29,Akunin
30,Bulychev
31,Bulychev
32,King
33,Bulychev
34,King
35,Bulychev
36,Bulychev
37,Bulychev
38,Chehov
39,Bulychev
40,Bulychev
41,Akunin
42,Bulychev
43,Bulychev
44,Bulychev
45,Akunin
46,Bulychev
47,Bulychev
48,Bulychev
49,Bulychev
50,Bulychev
51,Bulychev
52,Akunin
53,Akunin
54,Bulychev
55,Bulychev
56,Bulychev
57,Bulychev
58,Bulychev
59,Bulychev
60,Akunin
61,Bulychev
62,Bulychev
63,Bulychev
64,Bulychev
65,Bulychev
66,Bulychev
67,Bulychev
68,King
69,Bulychev
70,Akunin
71,Bulychev
72,Dostoevsky
73,Bulychev
74,Gogol
75,Bulychev
76,Bulychev
77,Chehov
78,Bulychev
79,Bulychev
80,Bulychev
81,Akunin
82,Bulychev
83,Bulychev
84,Bulychev
85,Bulychev
86,Akunin
87,Bulychev
88,Bulychev
89,Bulychev
90,Bulychev
91,Bulychev
92,King
93,Bulychev
94,Bulychev
95,Dostoevsky
96,Bulychev
97,Akunin
98,Bulychev
99,Bulychev
100,Bulychev
101,Bulychev
102,Bulychev
103,Akunin
104,Bulychev
105,Bulychev
106,Chehov
107,King
108,King
109,Bulychev
110,Bulychev
111,Bulychev
112,Bulychev
113,Akunin
114,Bulychev
115,Bulychev
116,Bulychev
117,Akunin
118,Bulychev
119,Akunin
120,Akunin
121,Bulychev
122,Akunin
123,Bulychev
124,Bulychev
125,Bulychev
126,Bulychev
127,Chehov
128,Bulychev
129,Bulychev
130,Bulychev
131,Chehov
132,Bulychev
133,Bulychev
134,Bulychev
135,Chehov
136,Bulychev
137,Bulychev
138,Bulychev
139,Bulychev
140,Bulychev
141,Bulychev
142,Bulychev
143,Akunin
144,Bulychev
145,Bulychev
146,Bulychev
147,Bulychev
148,Bulychev
149,Bulychev
150,Bulychev
151,Bulychev
152,Bulychev
153,Bulychev
154,Bulychev
155,Dostoevsky
156,Bulychev
157,Bulychev
158,Bulychev
159,Chehov
160,King
161,Bulychev
162,Bulychev
163,Bulychev
164,Bulychev
165,Bulychev
166,Dostoevsky
167,Akunin
168,Bulychev
169,Bulychev
170,Chehov
171,Gogol
172,Bulychev
173,Bulychev
174,Bulychev
175,King
176,Akunin
177,Bulychev
178,Bulychev
179,King
180,Bulychev
181,Akunin
182,Bulychev
183,Bulychev
184,Akunin
185,Bulychev
186,Bulychev
187,Akunin
188,Bulychev
189,Bulychev
190,Bulychev
191,Bulychev
192,Bulychev
193,Dostoevsky
194,Bulychev
195,Bulychev
196,Bulychev
197,Bulychev
198,Bulychev
199,Akunin
200,Bulychev
201,Pratchett
202,Bulychev
203,Bulychev
204,Bulychev
205,Bulychev
206,Bulychev
207,Bulychev
208,Chehov
209,Bulychev
210,Bulychev
211,Dostoevsky
212,Bulychev
213,Bulychev
214,Akunin
215,Bulychev
216,Bulychev
217,Bulychev
218,Bulychev
219,King
220,Bulychev
221,Bulychev
222,Bulychev
223,Bulychev
224,Bulychev
225,Bulychev
226,Bulychev
227,Akunin
228,Bulychev
229,Akunin
230,Akunin
231,Chehov
232,Bulychev
233,Bulychev
234,Akunin
235,Bulychev
236,Bulychev
237,Bulychev
238,Bulychev
239,Bulychev
240,Akunin
241,Bulychev
242,Gogol
243,Bulychev
244,Bulychev
245,Bulychev
246,Bulychev
247,Bulychev
248,Akunin
249,Bulychev
250,Bulychev
251,Bulychev
252,Akunin
253,Bulychev
254,Bulychev
255,Dostoevsky
256,Bulychev
257,Bulychev
258,Bulychev
259,Akunin
260,Bulychev
261,Bulychev
262,Bulychev
263,Akunin
264,Bulychev
265,Bulychev
266,Bulychev
267,Bulychev
268,Gogol
269,Bulychev
270,Bulychev
271,Bulychev
272,Bulychev
273,Akunin
274,Bulychev
275,Bulychev
276,King
277,Bulychev
278,Akunin
279,Bulychev
280,Bulychev
281,Bulychev
282,Bulychev
283,Bulychev
284,Akunin
285,Dostoevsky
286,Gogol
287,Akunin
288,Bulychev
289,Bulychev
290,Bulychev
291,Bulychev
292,Bulychev
293,Bulychev
294,Bulychev
295,Bulychev
296,Chehov
297,Bulychev
298,Bulychev
299,Bulychev
300,Bulychev
301,Akunin
302,Akunin
303,Bulychev
304,Chehov
305,Bulychev
306,Bulychev
307,Bulychev
308,Bulychev
309,Bulychev
310,King
311,Bulychev
312,Bulychev
313,Bulychev
314,Bulychev
315,Bulychev
316,Bulychev
317,Bulychev
318,Bulychev
319,Akunin
320,King
321,King
322,Bulychev
323,Akunin
324,Bulychev
325,Bulychev
326,Bulychev
327,Bulychev
328,Bulychev
329,Bulychev
